Timestamp,Respondent Name / Respondent Number: (dummy data is allowed),ID1. Current Position / Role (Select one),ID2. Years of Experience in Digital / Industry 4.0 Solutions (Select one),ID3. Functional Area (Select one),ID4. Involvement in Digital Service Projects (Select one),CO1. Company Name or Company Description,CO2. Company Size (Number of Employees) (Select one),CO3. Annual Revenue of the Company (Select one),CO4. Industry of the Technology Provider (Select one),CO5. Company Ownership Status (Select one),CO6. Where is your company’s headquarters located? (Select one),CO7. Years of Company Operation (Select one),MA1. Primary Market Segment Served (Select one or more),MA2. Dominant Market Segment (Select one),MA3. Geographic Market Coverage (Select one),MA4. International Experience (Select one),DB1. Product Name or Product Description,DB2. Digital Solutions (Select one or more),DB3. Digital Service Level (Select one),B1.1. Our organization effectively utilizes IoT technologies to collect real-time data,B1.2. Our organization applies Artificial Intelligence/Machine Learning for decision-making and optimization,B1.3. Our organization utilizes Digital Platforms / CRM Systems for service delivery,B1.4. Our organization applies Additive Manufacturing (3D Printing) technologies for product and/or tools development,B1.5. Our organization uses Digital Marketing technologies,B1.6. Our organization uses Cloud-based Collaboration Platforms for service development/delivery,B1.7. Our organization utilizes Big Data Analytics/Predictive Analytics for insights,B1.8. Our organization integrates IoT and AI for digital services,B1.9. Our organization uses cloud computing for scalable services,B2.1. Our organization provides digital services such as remote monitoring and predictive maintenance to support customers globally,B2.2. Our organization uses digital tools to identify and support international market opportunities,B2.3. Our organization utilizes customer data to deliver personalized digital services,B2.4. Our organization uses digital technologies to support and integrate global supply chain activities,B2.5. Our organization leverages digital platforms to support international communication and customer engagement,B2.6. Our organization enables real-time collaboration with partners and clients across global value chains,B2.7. Our organization applies data analytics to design and improve digital services,B2.8. Our organization is capable of delivering digital services across geographic boundaries without significant limitations,B2.9. Our organization ensures interoperability and efficient data processing across digital systems.,B3.1. Our organization has increased the intensity of its export activities,B3.2. Our organization has expanded into new international markets,B3.3. Our organization applies data-driven strategies to support export activities,B3.4. Our organization has improved its competitiveness in international markets,B3.5. Our organization has improved operational efficiency to support export performance,B3.6. Our organization has improved product (and/or service) quality and compliance with international standards,B3.7. Our organization offers high-value digital services for international customers,B3.8. Our organization has strengthened customer relationships and after-sales services in international markets,B3.9. Our organization has improved integration with global supply chains,B4.1.1. Our organization experiences increasing pressure from digital transformation to change its operational processes,B4.1.2. Our organization faces a strong need to shift from product-based to service-oriented business models,"B4.1.3. Our organization experiences limitations in traditional manufacturing processes (e.g., lack of scalability or flexibility) that drive transformation",B4.1.4. Our organization faces strong competitive pressure to differentiate beyond commoditized products,B4.2.1. Our organization is motivated to adopt digital technologies due to opportunities to export digital services to global markets,B4.2.2. Our organization is attracted to digital solutions because they increase customer value and generate new revenue opportunities,B4.2.3. Our organization adopts digital technologies to improve competitiveness through value chain optimization,B4.2.4. Our organization is motivated to adopt IoT and AI technologies to enhance service personalization and operational efficiency,B4.2.5. Our organization is encouraged to adopt digital technologies due to increasing market demand for digital services,B4.2.6. Our organization adopts digital technologies to improve operational and logistics performance,B4.2.7. Our organization is motivated to adopt digital tools to expand global market access and obtain market intelligence,B4.3.1. Our organization faces high investment requirements and limited resources that hinder the adoption of digital technologies,B4.3.2. Our organization lacks sufficient digital skills and capabilities to support digital transformation,B4.3.3. Our organization experiences resistance to change when shifting toward digital and service-oriented business models,B4.3.4. Our organization faces challenges due to weak digital ecosystems and limited strategic partnerships,B4.3.5. Regulatory complexity and concerns about data sharing hinder our organization’s adoption of digital technologies,B4.3.6. Our organization lacks clear implementation guidelines or roadmaps for digital transformation,"B4.4.1. Our organization benefits from government support (e.g., policies, incentives, and digital infrastructure) that facilitate digital transformation",B4.4.2. Our organization has clear strategic planning and digital maturity assessment to support the adoption of digital technologies,B4.4.3. Our organization benefits from collaborative ecosystems and strong technology partnerships that support digital capability development,"B4.4.4. Our organization utilizes scalable and cost-efficient technologies (e.g., cloud-based solutions) to support digital transformation",B4.4.5. Our organization has strong internal capabilities and an adaptive culture that support digital transformation,B4.4.6. Our organization effectively manages data and uses data-driven approaches to support decision-making
4/21/2026 6:54:02,C,Educator,> 10 years,Engineering / Technical,Decision maker,Education,Medium (51–300 employees),Rp 155 – < Rp 775 billion | USD 10 million – < USD 50 million,"Service & Integration (i.e., System Integrator; Consulting; Digital Transformation Services)",Domestic company (locally owned),Indonesia,> 20 years,B2C (Business to Consumer),B2C (Business to Consumer),Global (multi-continent),Regular international operations,Bachelor and Master Program,Learning Management Platform,Integrated digital services,3,5,4,1,5,5,4,3,5,5,4,5,5,5,5,4,4,4,3,5,4,4,3,4,4,4,4,4,4,2,4,5,5,5,3,4,4,4,4,5,5,4,4,4,4,4,4,5,5,5
4/21/2026 7:15:17,Agus,Pre-sales / Solution Engineer,> 10 years,Strategy / Management,Core contributor,Voice Ai company,Medium (51–300 employees),Rp 155 – < Rp 775 billion | USD 10 million – < USD 50 million,"Digital / IT-Oriented (i.e., IT / Software; Cloud Provider; IoT / AI Solution Provider; Data Analytics; Digital Platform Provider)",Foreign direct investment (FDI) company,Southeast Asia (outside Indonesia),< 5 years,B2B (Business to Business),B2B (Business to Business),Global (multi-continent),Regular international operations,Voice ai,AI / Machine Learning (Artificial Intelligence / Machine Learning),Advanced smart services (AI/IoT-driven),6,6,6,1,4,6,1,6,6,1,4,4,1,6,6,5,4,6,1,6,1,6,1,6,6,6,4,6,4,1,1,6,6,6,6,6,6,4,4,1,1,1,4,1,1,6,6,6,6,6
4/21/2026 8:01:42,David Kurniawan ,Product / Service Manager,> 10 years,Strategy / Management,Supporting role,D3Labs,Small (<51 employees),< Rp 155 billion | < USD 10 million,"Digital / IT-Oriented (i.e., IT / Software; Cloud Provider; IoT / AI Solution Provider; Data Analytics; Digital Platform Provider)",Foreign direct investment (FDI) company,Indonesia,< 5 years,B2B (Business to Business),B2B (Business to Business),Global (multi-continent),Regular international operations,Pruv Finance,Asset Tokenization ,Product + basic digital support,1,1,1,1,5,6,1,1,6,1,5,3,1,6,6,4,5,5,1,6,3,5,1,5,5,5,3,1,1,1,1,1,5,5,1,6,1,6,4,1,1,2,4,3,4,2,5,6,6,2
4/21/2026 8:48:17,lia,Product / Service Manager,> 10 years,Operations,Supporting role,Elmecon,Medium (51–300 employees),Rp 155 – < Rp 775 billion | USD 10 million – < USD 50 million,"Industrial Technology Providers (i.e., Industrial Automation & Control Systems; Manufacturing Technology & Industrial Equipment; Robotics & Smart Manufacturing Solutions; Engineering - Procurement - Construction: EPC)",Foreign direct investment (FDI) company,Indonesia,> 20 years,B2B (Business to Business),B2B (Business to Business),Local (within country),Limited international projects,omron,"IoT (Internet of Things), AI / Machine Learning (Artificial Intelligence / Machine Learning), IoT–AI Integration, Automation Systems, Digital Twin / Simulation",Advanced smart services (AI/IoT-driven),4,3,6,2,6,5,5,5,5,4,3,3,3,5,5,4,5,4,2,2,4,2,2,4,3,3,2,4,5,2,2,2,4,5,6,4,4,3,2,2,2,2,2,2,1,2,5,3,3,5
4/21/2026 9:21:52,Fathan,Digital Transformation Lead,5–10 years,Business Development / Sales,Supporting role,Nec,Medium (51–300 employees),Rp 775 billion – < Rp 3.1 trillion | USD 50 million – < USD 200 million,"Service & Integration (i.e., System Integrator; Consulting; Digital Transformation Services)",Foreign direct investment (FDI) company,Asia (outside Southeast Asia),> 20 years,B2B (Business to Business),B2B (Business to Business),Local (within country),Limited international projects,"Telecommunication infra, AI, managed service","AI / Machine Learning (Artificial Intelligence / Machine Learning), IoT–AI Integration, Digital Twin / Simulation",Advanced smart services (AI/IoT-driven),5,4,5,3,4,5,4,5,5,6,4,6,5,5,5,4,5,5,4,4,4,4,4,6,6,5,5,5,6,4,6,5,5,5,5,5,6,5,4,4,3,2,3,6,5,6,6,5,4,5
4/21/2026 9:25:58,Daniel,Executive / Director,> 10 years,Strategy / Management,Decision maker,Pt garuda solusi kreatif,Small (<51 employees),< Rp 155 billion | < USD 10 million,"Digital / IT-Oriented (i.e., IT / Software; Cloud Provider; IoT / AI Solution Provider; Data Analytics; Digital Platform Provider)",Domestic company (locally owned),Indonesia,10–20 years,"B2B (Business to Business), B2G (Business to Government)",B2B (Business to Business),Local (within country),Limited international projects,It consultant,"AI / Machine Learning (Artificial Intelligence / Machine Learning), Cloud Platforms, Automation Systems, Digital Twin / Simulation",Integrated digital services,2,4,5,1,4,5,3,2,6,5,2,2,4,3,4,4,3,4,2,2,2,2,2,4,2,4,2,5,5,5,5,5,5,5,6,5,5,5,2,2,2,2,4,4,5,5,5,5,5,5
4/21/2026 18:18:31,Carlos Karo Karo,Executive / Director,> 10 years,Strategy / Management,Decision maker,Altimeda Cipta Visitama,Small (<51 employees),< Rp 155 billion | < USD 10 million,"Digital / IT-Oriented (i.e., IT / Software; Cloud Provider; IoT / AI Solution Provider; Data Analytics; Digital Platform Provider)",Domestic company (locally owned),Indonesia,< 5 years,"B2B (Business to Business), B2G (Business to Government)",B2B (Business to Business),Global (multi-continent),Regular international operations,"Atlas - Unified enterprise AI Operating platform integrated with semantic ontology intellegence, and cloud-based lakehouse ","AI / Machine Learning (Artificial Intelligence / Machine Learning), IoT–AI Integration, Cloud Platforms, Big Data / Data Analytics, Automation Systems, Digital Marketing, Digital Twin / Simulation",Advanced smart services (AI/IoT-driven),5,6,6,1,5,6,6,6,6,5,6,6,6,6,6,6,6,6,6,6,6,4,5,6,6,6,6,6,4,5,5,6,6,6,6,6,6,6,4,1,1,1,4,1,1,6,3,6,6,6
4/21/2026 18:35:23,Aloysius ,Executive / Director,5–10 years,Operations,Core contributor,ACAM,Medium (51–300 employees),Rp 155 – < Rp 775 billion | USD 10 million – < USD 50 million,"Infrastructure & Operational Technology (i.e., Energy, Utilities, Smart Grid; Transportation & Logistics Technology; Telecommunications and Network Infrastructure)",Foreign direct investment (FDI) company,Southeast Asia (outside Indonesia),10–20 years,B2B (Business to Business),B2B (Business to Business),Global (multi-continent),Fully global operations,Aircraft Management ,IoT (Internet of Things),Advanced smart services (AI/IoT-driven),6,4,2,1,1,3,3,3,4,4,1,1,4,2,2,2,5,2,1,2,2,2,1,3,2,2,3,4,6,2,3,2,5,3,6,5,6,6,5,4,1,2,4,5,2,3,4,6,4,1
4/22/2026 11:50:34,RSS,Government and Industry Relation,3–5 years,Strategy / Management,Core contributor,Ericsson,Large (>300 employees),Rp 155 – < Rp 775 billion | USD 10 million – < USD 50 million,"Infrastructure & Operational Technology (i.e., Energy, Utilities, Smart Grid; Transportation & Logistics Technology; Telecommunications and Network Infrastructure)",Foreign direct investment (FDI) company,Europe,> 20 years,B2B (Business to Business),B2B (Business to Business),Global (multi-continent),Fully global operations,"4G,5G Network (Radio Access Network, Core Network,etc), Microwave Link, Routers",Connectivity ,Product-based only,3,5,4,2,4,3,4,5,5,4,4,4,4,4,4,4,4,4,5,4,4,4,5,5,4,5,4,2,3,1,1,4,4,4,4,3,4,4,3,4,4,2,4,1,2,3,4,4,5,5
4/22/2026 18:35:05,Zidky Yacob,Product / Service Manager,3–5 years,Strategy / Management,Supporting role,PT CBQA GLOBAL INDONESIA ,Medium (51–300 employees),< Rp 155 billion | < USD 10 million,"Service & Integration (i.e., System Integrator; Consulting; Digital Transformation Services)",Foreign direct investment (FDI) company,Indonesia,5–10 years,B2B (Business to Business),B2B (Business to Business),Regional (Southeast Asia / Asia),Regular international operations,"Certification, Verification, Validation and Training Services ",Cybersecurity,Integrated digital services,2,6,6,1,6,6,1,1,6,1,6,6,6,6,1,6,6,6,6,6,6,6,6,6,6,6,6,6,6,1,6,6,6,6,6,6,6,6,6,6,6,1,6,1,6,6,6,6,6,6
4/23/2026 19:10:44,Omazaki,Technical / IT Manager,< 3 years,Engineering / Technical,Supporting role,Engineering company,Small (<51 employees),< Rp 155 billion | < USD 10 million,"Industrial Technology Providers (i.e., Industrial Automation & Control Systems; Manufacturing Technology & Industrial Equipment; Robotics & Smart Manufacturing Solutions; Engineering - Procurement - Construction: EPC)",Domestic company (locally owned),Indonesia,5–10 years,B2B (Business to Business),B2B (Business to Business),Regional (Southeast Asia / Asia),Limited international projects,Engineering study and assessment,Automation Systems,Product-based only,4,3,4,2,4,4,4,2,2,3,4,3,4,4,4,3,4,4,4,4,3,4,4,4,3,4,3,4,4,3,3,4,4,4,4,3,3,4,4,4,3,4,3,4,3,3,3,4,3,4
4/23/2026 20:59:46,Ari,Project manager,< 3 years,Operations,Supporting role,Sulzer,Medium (51–300 employees),Rp 155 – < Rp 775 billion | USD 10 million – < USD 50 million,Rotating Equipment Service,Foreign direct investment (FDI) company,Europe,> 20 years,"B2B (Business to Business), B2G (Business to Government)",B2B (Business to Business),Global (multi-continent),Limited international projects,"Gas/Steam Turbine, Generator, Compressor",Cloud Platforms,Product-based only,2,1,4,1,5,5,2,1,4,1,5,2,4,5,2,2,2,2,4,6,2,5,5,6,6,6,3,2,2,4,4,5,4,2,2,2,2,5,2,5,5,5,2,3,1,6,3,2,3,5
4/24/2026 5:09:52,Boedie Syachboedien / 1,Sales Manager,5–10 years,Business Development / Sales,Core contributor,Schneider Indonesia,Large (>300 employees),? Rp 3.1 trillion | ? USD 200 million,"Industrial Technology Providers (i.e., Industrial Automation & Control Systems; Manufacturing Technology & Industrial Equipment; Robotics & Smart Manufacturing Solutions; Engineering - Procurement - Construction: EPC)",Subsidiary of a foreign company,Europe,> 20 years,"B2B (Business to Business), B2G (Business to Government), B2C (Business to Consumer)",B2B (Business to Business),Local (within country),Fully global operations,Schneider Exostructure,"IoT (Internet of Things), AI / Machine Learning (Artificial Intelligence / Machine Learning), IoT–AI Integration, Cloud Platforms, Big Data / Data Analytics, Automation Systems, Digital Marketing, Digital Twin / Simulation",Advanced smart services (AI/IoT-driven),6,6,6,1,6,6,6,6,6,6,6,6,6,6,6,6,6,6,6,6,6,6,6,6,6,6,6,6,6,6,6,6,6,6,6,6,6,6,3,3,2,2,2,1,6,6,6,6,6,6
4/24/2026 16:16:53,Sandi Fajariadi,Executive / Director,> 10 years,Business Development / Sales & Product Development,Decision maker,NICEPAY,Medium (51–300 employees),< Rp 155 billion | < USD 10 million,"Service & Integration (i.e., System Integrator; Consulting; Digital Transformation Services)",Foreign direct investment (FDI) company,Asia (outside Southeast Asia),10–20 years,"B2B (Business to Business), B2G (Business to Government)",B2B (Business to Business),Local (within country),Limited international projects,Payment Gateway and Fund Transfer,Payment Gateway and Fund Transfer,Product + basic digital support,4,4,5,1,5,6,5,4,6,3,5,4,5,5,6,5,6,5,1,5,5,5,1,6,6,6,6,6,6,4,6,6,6,6,6,6,6,6,5,4,5,4,5,4,4,4,5,6,4,5
4/27/2026 9:21:08,Athaariq Ardhiansyah Ramadhani,Executive / Director,5–10 years,Engineering / Technical,Decision maker,PT Catur Pratiba Nusantara,Small (<51 employees),< Rp 155 billion | < USD 10 million,"Industrial Technology Providers (i.e., Industrial Automation & Control Systems; Manufacturing Technology & Industrial Equipment; Robotics & Smart Manufacturing Solutions; Engineering - Procurement - Construction: EPC)",Domestic company (locally owned),Indonesia,< 5 years,"B2B (Business to Business), B2G (Business to Government)",B2B (Business to Business),Global (multi-continent),Limited international projects,Automation System Development,"IoT (Internet of Things), AI / Machine Learning (Artificial Intelligence / Machine Learning), IoT–AI Integration, Automation Systems",Advanced smart services (AI/IoT-driven),5,4,4,3,2,2,4,5,2,5,6,5,5,5,5,5,5,5,4,4,4,4,4,4,4,4,4,4,4,4,4,4,4,4,4,4,4,4,4,4,4,4,4,4,4,4,4,4,4,4
7/14/2026 13:15:54,Albert,Executive / Director,3–5 years,Engineering / Technical,Decision maker,PT ABM Digital Solusi,Small (<51 employees),< Rp 155 billion | < USD 10 million,"Industrial Technology Providers (i.e., Industrial Automation & Control Systems; Manufacturing Technology & Industrial Equipment; Robotics & Smart Manufacturing Solutions; Engineering - Procurement - Construction: EPC)",Domestic company (locally owned),Indonesia,< 5 years,B2B (Business to Business),B2B (Business to Business),Local (within country),Limited international projects,Flexmass,"IoT (Internet of Things), Big Data / Data Analytics, Automation Systems",Integrated digital services,6,1,4,5,2,5,4,2,5,5,5,5,2,5,3,3,5,4,2,2,2,2,2,2,2,2,2,3,3,2,3,3,5,2,5,4,5,2,1,3,2,2,2,2,2,2,5,4,5,2
7/15/2026 7:17:37,HelvinHT,Country Standardization Delegate,> 10 years,Strategy / Management,Supporting role,Schneider,Large (>300 employees),? Rp 3.1 trillion | ? USD 200 million,"Industrial Technology Providers (i.e., Industrial Automation & Control Systems; Manufacturing Technology & Industrial Equipment; Robotics & Smart Manufacturing Solutions; Engineering - Procurement - Construction: EPC)",Foreign direct investment (FDI) company,Europe,> 20 years,"B2B (Business to Business), B2G (Business to Government), B2C (Business to Consumer)",B2B (Business to Business),Global (multi-continent),Limited international projects,Equipment and Services for Electrical Distribution and Automation,"IoT (Internet of Things), AI / Machine Learning (Artificial Intelligence / Machine Learning), IoT–AI Integration, Cloud Platforms, Big Data / Data Analytics, Automation Systems, Digital Twin / Simulation",Advanced smart services (AI/IoT-driven),5,5,5,3,5,5,5,5,4,5,4,4,4,5,5,5,4,5,5,4,4,5,5,6,5,5,5,5,5,4,5,5,5,5,5,5,5,4,2,2,2,3,4,2,4,5,4,5,5,5
7/15/2026 10:11:20,AAT,Executive / Director,5–10 years,Strategy / Management,Core contributor,AIoT for sustainable supply chain,Small (<51 employees),< Rp 155 billion | < USD 10 million,"Digital / IT-Oriented (i.e., IT / Software; Cloud Provider; IoT / AI Solution Provider; Data Analytics; Digital Platform Provider)",Domestic company (locally owned),Indonesia,5–10 years,"B2B (Business to Business), B2G (Business to Government)",B2B (Business to Business),Regional (Southeast Asia / Asia),Limited international projects,AIoT for Green Electricity,"IoT–AI Integration, Cloud Platforms, Big Data / Data Analytics",Advanced smart services (AI/IoT-driven),6,6,6,2,2,6,6,6,6,6,6,6,6,6,6,6,6,6,3,6,6,6,6,6,6,6,6,6,5,6,6,6,6,6,6,6,6,6,4,3,2,2,6,3,4,6,6,6,5,6
7/15/2026 17:45:01,Aulia,marketing,3–5 years,marketing,Supporting role,ifm electronic Indonesia,Small (<51 employees),< Rp 155 billion | < USD 10 million,"Industrial Technology Providers (i.e., Industrial Automation & Control Systems; Manufacturing Technology & Industrial Equipment; Robotics & Smart Manufacturing Solutions; Engineering - Procurement - Construction: EPC)",Foreign direct investment (FDI) company,Europe,< 5 years,B2B (Business to Business),B2B (Business to Business),Local (within country),Limited international projects,industrial sensor for automation,IoT (Internet of Things),Advanced smart services (AI/IoT-driven),5,4,5,3,3,2,1,2,3,6,4,5,3,5,3,3,3,4,2,2,2,3,3,5,2,2,5,3,3,2,3,4,4,4,3,4,4,3,3,2,2,3,3,1,5,5,4,3,5,5
7/15/2026 19:57:46,Hakiki/1001,Digital Transformation Lead,5–10 years,Business Development / Sales,Core contributor,Opex Consulting Group,Medium (51–300 employees),< Rp 155 billion | < USD 10 million,"Industrial Technology Providers (i.e., Industrial Automation & Control Systems; Manufacturing Technology & Industrial Equipment; Robotics & Smart Manufacturing Solutions; Engineering - Procurement - Construction: EPC)",Foreign direct investment (FDI) company,Southeast Asia (outside Indonesia),5–10 years,"B2B (Business to Business), B2G (Business to Government)",B2B (Business to Business),Global (multi-continent),Regular international operations,"ERP, MES","IoT (Internet of Things), AI / Machine Learning (Artificial Intelligence / Machine Learning), IoT–AI Integration, Automation Systems",Integrated digital services,5,5,5,2,3,5,5,5,5,5,5,4,5,5,5,5,5,6,4,5,5,5,5,5,5,5,5,4,5,3,4,5,5,4,5,4,5,4,4,3,3,3,3,2,3,5,4,4,4,5
7/16/2026 11:35:53,Hangga,Manager,> 10 years,Strategy / Management,Decision maker,Pertamina,Large (>300 employees),? Rp 3.1 trillion | ? USD 200 million,"Infrastructure & Operational Technology (i.e., Energy, Utilities, Smart Grid; Transportation & Logistics Technology; Telecommunications and Network Infrastructure)",Domestic company (locally owned),Indonesia,> 20 years,B2C (Business to Consumer),B2B (Business to Business),Local (within country),Fully global operations,Oil,Automation Systems,Integrated digital services,5,5,5,5,5,5,5,5,5,5,5,5,5,5,5,5,5,5,5,5,5,5,5,5,5,5,5,5,5,5,5,5,5,5,5,5,5,5,5,5,5,5,5,5,5,5,5,5,5,5
7/17/2026 18:34:01,atstsauri40,Technical / IT Manager,3–5 years,IT / Data Analytics,Supporting role,"Data & AI service company (we sell services, not products)",Medium (51–300 employees),< Rp 155 billion | < USD 10 million,"Digital / IT-Oriented (i.e., IT / Software; Cloud Provider; IoT / AI Solution Provider; Data Analytics; Digital Platform Provider)",Domestic company (locally owned),Indonesia,5–10 years,B2B (Business to Business),B2B (Business to Business),Regional (Southeast Asia / Asia),Limited international projects,"Project Data & AI, building tailor made solutions for address customer's pain points ","AI / Machine Learning (Artificial Intelligence / Machine Learning), Cloud Platforms, Big Data / Data Analytics",Integrated digital services,4,4,5,1,4,6,6,3,6,2,2,5,5,4,4,6,5,5,2,2,3,4,4,4,5,4,3,4,3,1,4,2,4,4,2,6,5,4,5,3,4,5,6,4,1,3,5,5,5,4
7/18/2026 18:40:37,Fitrian Ramadhan,Electrical Engineer,3–5 years,Engineering / Technical,Supporting role,PT. Pratama Contromatic Abadi ,Small (<51 employees),< Rp 155 billion | < USD 10 million,"Industrial Technology Providers (i.e., Industrial Automation & Control Systems; Manufacturing Technology & Industrial Equipment; Robotics & Smart Manufacturing Solutions; Engineering - Procurement - Construction: EPC)",Domestic company (locally owned),Indonesia,10–20 years,B2B (Business to Business),B2B (Business to Business),Local (within country),No international clients,"MG CO, Siemens, Yaskawa","IoT (Internet of Things), Automation Systems",Integrated digital services,5,3,6,3,5,4,4,3,4,5,4,4,4,4,5,3,3,4,2,2,2,2,2,2,2,2,2,5,4,5,5,6,6,5,5,5,5,5,3,5,6,6,5,5,4,4,5,4,5,3
7/20/2026 13:07:09,Friska ,Executive / Director,< 3 years,Operations,Decision maker,PT Mega Harum Nusantara ,Small (<51 employees),< Rp 155 billion | < USD 10 million,"Export Import, logistics",Domestic company (locally owned),Indonesia,< 5 years,B2B (Business to Business),B2B (Business to Business),Global (multi-continent),Regular international operations,Agro Commodities ,"IoT (Internet of Things), AI / Machine Learning (Artificial Intelligence / Machine Learning), Digital Marketing",Advanced smart services (AI/IoT-driven),5,4,5,3,5,3,5,5,2,3,5,5,4,5,5,3,4,3,5,5,5,4,5,5,5,5,4,3,4,3,3,5,6,5,5,5,5,5,3,3,3,3,3,3,1,4,1,3,3,3
7/21/2026 12:09:48,Cahyo Pramono Jati,AVP Corporate Strategy,< 3 years,Strategy / Management,Supporting role,Perum DAMRI,Large (>300 employees),Rp 775 billion – < Rp 3.1 trillion | USD 50 million – < USD 200 million,"Infrastructure & Operational Technology (i.e., Energy, Utilities, Smart Grid; Transportation & Logistics Technology; Telecommunications and Network Infrastructure)",Domestic company (locally owned),Indonesia,> 20 years,"B2B (Business to Business), B2G (Business to Government), B2C (Business to Consumer)",B2C (Business to Consumer),Regional (Southeast Asia / Asia),Limited international projects,Pioneer,Logistic,Product-based only,2,1,2,1,5,5,5,2,2,5,6,6,5,5,5,5,1,4,1,1,5,1,5,6,5,1,4,6,5,6,6,6,6,6,2,5,5,1,6,6,6,6,6,6,2,4,5,5,1,3
7/22/2026 11:56:36,Adhi S. Soembagijo,Executive / Director,5–10 years,Engineering / Technical,Supporting role,"Design & Manufacture, Prototyping, Modelling",Medium (51–300 employees),< Rp 155 billion | < USD 10 million,"Industrial Technology Providers (i.e., Industrial Automation & Control Systems; Manufacturing Technology & Industrial Equipment; Robotics & Smart Manufacturing Solutions; Engineering - Procurement - Construction: EPC)",Domestic company (locally owned),Indonesia,> 20 years,"B2B (Business to Business), B2G (Business to Government)",B2B (Business to Business),Local (within country),Limited international projects,"Agriculture Machinery, Medical Devices",Automation Systems,Product-based only,6,5,4,5,3,4,2,2,2,1,1,1,4,4,4,3,1,1,1,1,1,1,1,3,1,1,3,4,5,2,4,4,6,5,5,4,5,2,5,3,3,3,3,2,1,4,1,3,5,4
7/22/2026 17:00:30,Rudy,Business Manager,5–10 years,Business Development / Sales,Core contributor,SICK,Large (>300 employees),? Rp 3.1 trillion | ? USD 200 million,"Industrial Technology Providers (i.e., Industrial Automation & Control Systems; Manufacturing Technology & Industrial Equipment; Robotics & Smart Manufacturing Solutions; Engineering - Procurement - Construction: EPC)",Subsidiary of a foreign company,Europe,> 20 years,B2B (Business to Business),B2B (Business to Business),Global (multi-continent),Limited international projects,Sensor,"IoT (Internet of Things), Automation Systems",Product + basic digital support,5,5,6,4,6,4,5,5,3,5,5,5,4,6,4,6,6,6,4,6,4,6,4,6,6,6,6,5,2,2,6,4,6,5,5,5,4,5,4,4,4,5,3,2,2,2,5,5,4,3
08/05/2026 17:52,Gaby,APAC market development,5–10 years,Business Development / Sales,Supporting role,Accelerasia,Small (<51 employees),< Rp 155 billion | < USD 10 million,"Digital / IT-Oriented (i.e., IT / Software; Cloud Provider; IoT / AI Solution Provider; Data Analytics; Digital Platform Provider)",Subsidiary of a foreign company,Southeast Asia (outside Indonesia),10–20 years,"B2B (Business to Business), B2C (Business to Consumer)",B2C (Business to Consumer),Regional (Southeast Asia / Asia),Regular international operations,IntentHQ,"AI / Machine Learning (Artificial Intelligence / Machine Learning), Big Data / Data Analytics, Digital Marketing",Advanced smart services (AI/IoT-driven),6,6,4,1,6,6,6,4,4,4,6,6,6,6,6,4,5,6,3,6,2,6,2,6,6,5,2,1,6,2,6,4,6,2,3,5,1,6,2,1,6,4,2,1,1,2,5,5,5,6
08/06/2026 21:09,Harta Deddy,Head of IT,> 10 years,IT / Data Analytics,Supporting role,PT Bank Multiarta Sentosa,Large (>300 employees),? Rp 3.1 trillion | ? USD 200 million,Financial Service,Domestic company (locally owned),Indonesia,> 20 years,"B2B (Business to Business), B2C (Business to Consumer)",B2B (Business to Business),Local (within country),No international clients,Bebas by Bank MAS,Digital Banking,Product-based only,4,5,5,2,5,5,5,5,5,5,3,6,6,6,5,6,3,4,2,1,2,2,2,5,2,2,3,6,5,2,5,3,6,5,4,6,6,4,6,5,6,6,6,2,2,6,6,6,6,6
08/12/2026 19:31,Hansen Louisther,Executive / Director,3–5 years,IT / Data Analytics,Core contributor,Bagana Tech,Small (<51 employees),< Rp 155 billion | < USD 10 million,"Digital / IT-Oriented (i.e., IT / Software; Cloud Provider; IoT / AI Solution Provider; Data Analytics; Digital Platform Provider)",Domestic company (locally owned),Indonesia,< 5 years,"B2B (Business to Business), B2G (Business to Government)",B2G (Business to Government),Local (within country),No international clients,Bagana AI and Bagana IOT,"IoT (Internet of Things), AI / Machine Learning (Artificial Intelligence / Machine Learning)",Integrated digital services,5,5,5,3,4,4,5,6,5,4,5,5,5,5,5,5,5,5,5,5,6,5,4,5,5,4,4,5,5,4,5,5,5,6,5,5,4,4,5,6,6,5,5,5,4,4,5,5,5,5
